Name,Account Number,PIN,Balance
Alice Jones,730151944359,4053,7481.68
Eve Jones,173006758480,3880,754.74
Eve Doe,446066624656,6362,4875.43
Charlie Brown,633203213385,8363,6550.14
Eve Williams,140334126495,4882,5280.52
John Williams,880817260992,9393,3597.68
John Doe,917256266434,4379,9041.97
Charlie Brown,310475408825,7448,8449.79
Charlie Johnson,598298688042,9614,2310.42
Charlie Doe,087636967210,8039,6315.59
John Smith,554314609192,5277,1769.34
John Doe,137495590732,0552,8814.65
Bob Jones,619065014280,4360,6780.88
John Johnson,845811033902,3969,8353.8
Jane Doe,167779948253,8957,4531.38
John Doe,649177564478,7110,8172.85
Eve Smith,502546527679,1393,7681.79
Jane Johnson,297161780440,7111,6764.04
Charlie Williams,563477564167,8295,9996.12
Alice Smith,966764836449,8915,2798.21
Jane Jones,992644442580,0315,5018.45
Alice Smith,081629280260,7862,340.68
John Brown,117281776820,9230,5610.63
Jane Smith,574310757180,7564,6388.79
Jane Smith,875522738202,8805,4862.07
Bob Doe,796312761900,3713,5677.07
Bob Jones,851345878190,9996,6920.42
Eve Williams,795413502084,5552,9705.55
Charlie Smith,110731566898,7435,2401.48
John Brown,355446519567,4928,9959.23
John Brown,284737525614,9901,5040.64
Jane Jones,842873774141,3386,1000.67
John Smith,965957796824,4124,3156.28
Bob Williams,943013400291,2661,6891.07
Eve Jones,200980147874,7151,7127.23
Bob Brown,886700148873,8197,3791.92
Bob Smith,362719598615,4187,3746.86
Alice Smith,954121225877,6946,615.14
John Smith,614513412225,1425,2801.4
Charlie Williams,728826966163,9172,1849.89
Bob Smith,370342832140,4173,515.97
John Jones,983508802145,6972,8633.93
Eve Jones,754738774669,7781,7489.43
Eve Brown,473580730396,5634,7785.86
Charlie Brown,236975384178,9663,4064.66
Jane Doe,204818018446,3447,8704.96
Jane Johnson,008350077551,4420,790.79
Charlie Johnson,346404775106,1091,6696.28
Alice Doe,982371784133,6712,4169.05
Bob Smith,434795622578,0340,5578.45
Alice Jones,192219904210,0275,8172.75
Eve Johnson,425622672129,1373,3444.73
Eve Brown,835670376399,5064,2830.74
Bob Smith,009749188453,0007,1818.22
Charlie Jones,535590358621,8720,8737.33
Bob Doe,392731675001,1808,5352.86
Jane Williams,728190585604,8107,1671.86
Charlie Johnson,309778510639,3326,8779.91
John Doe,629272579395,7761,4876.13
John Smith,318953737858,6115,5046.68
Bob Williams,260315480970,3236,1100.48
Bob Williams,218996942496,7538,422.09
Jane Johnson,441018725134,6402,3393.76
Charlie Smith,509732685298,1142,4930.55
Eve Jones,537497600703,1451,4898.41
Eve Brown,113246823772,9206,4316.37
John Doe,923393193708,6017,4261.96
Bob Johnson,125094213800,1320,1762.67
Charlie Smith,297601701009,2263,6492.43
John Brown,581175253744,4976,4039.9
Eve Johnson,060276577452,6532,3210.24
Eve Brown,464984576129,4753,3321.06
Charlie Williams,738149542029,9093,8352.99
Alice Williams,560516403189,5132,6974.24
Eve Williams,179702368810,7208,1763.48
Eve Williams,757166347485,0604,127.08
Bob Smith,445478376120,5327,874.08
John Smith,986575553322,7942,3519.92
Charlie Brown,181012656390,7174,1145.39
Charlie Jones,990475153084,7318,9069.59
Bob Smith,254416470813,4743,7598.04
Jane Brown,626430093188,3431,7919.27
Charlie Doe,330881783302,6875,9167.47
John Johnson,244192256780,6546,4721.49
Eve Jones,931569331811,8297,4838.5
Bob Johnson,878422362195,5616,357.31
Bob Doe,865383488148,6103,7136.78
Charlie Johnson,735493854234,4411,1738.09
Charlie Jones,252379668658,9145,4457.89
Jane Doe,060901307390,0798,1482.25
Alice Williams,490416507173,5490,6708.56
Bob Doe,350490123039,5482,6709.91
Bob Williams,897106811857,1917,6991.53
Bob Smith,493479907835,7685,8800.82
Bob Jones,868432938389,8051,2104.62
Alice Brown,550785877813,6749,3858.53
Bob Jones,078583990941,8994,8042.87
Jane Jones,795323443908,5785,5615.99
John Jones,750566217216,9735,6601.61
John Brown,728213000726,8615,2215.99
